{"noiseKey":{"private":{"type":"Buffer","data":"qH6GLEDeLWF4Kb2L8FWPSKmMUt2jADJ1qPQJtjJBSkk="},"public":{"type":"Buffer","data":"Fe5nHERYdpHHyGYObTFkKU1mJXvxZCNm+ZAEfoiwoGI="}},"pairingEphemeralKeyPair":{"private":{"type":"Buffer","data":"cBKRl5Kv/EDzAqHU+sx2yDR6r9sK2s11BeoxyJ4uE2M="},"public":{"type":"Buffer","data":"L3KKwAkYdZPWi1VNYx46eB3O30TpA4M7MFQc2m+VM0M="}},"signedIdentityKey":{"private":{"type":"Buffer","data":"sA//PHxGyK9iYAiaqifIzeeeFsFoMZxA5wItisLpOnw="},"public":{"type":"Buffer","data":"RQ74op7bYp309W/+0JHOlrhwyy2f52LSb72COpykdRQ="}},"signedPreKey":{"keyPair":{"private":{"type":"Buffer","data":"ON8MzNOSk1oRYpobleNkCF8wvAZcnOmP6O49LysQyVA="},"public":{"type":"Buffer","data":"WmHD+zBSxhnG4wKf0Fpu4YXGaU2vwkX+Rf3bkjuOtB4="}},"signature":{"type":"Buffer","data":"hC8sBaLzf6fyzsyPoBm+tNzRG5slqyhOEkW90YPqgaGW8JGQF9yZU4j6haIypJECsCGMcEsmWHgHFSD+jNqlCw=="},"keyId":1},"registrationId":45,"advSecretKey":"7yDYh2H0rNmn2yGc0ZLcQLrB6Gz6pRme8eLfSwYXh8o=","processedHistoryMessages":[{"key":{"remoteJid":"212658323376@s.whatsapp.net","fromMe":true,"id":"254FE214E9B11AEF118D57F01AB46BDB"},"messageTimestamp":1731445495},{"key":{"remoteJid":"212658323376@s.whatsapp.net","fromMe":true,"id":"CAE7A5E10BFFEB119C01C7A831D12FDB"},"messageTimestamp":1731445553},{"key":{"remoteJid":"212658323376@s.whatsapp.net","fromMe":true,"id":"F86E5481D578EEAA7C5C7F977F3A9614"},"messageTimestamp":1731452432},{"key":{"remoteJid":"212658323376@s.whatsapp.net","fromMe":true,"id":"2CDD9FDDCBB450CAB3863CEBE65101E4"},"messageTimestamp":1731452452}],"nextPreKeyId":112,"firstUnuploadedPreKeyId":112,"accountSyncCounter":1,"accountSettings":{"unarchiveChats":false},"registered":true,"pairingCode":"SZSNPENS","me":{"id":"212658323376:21@s.whatsapp.net","name":"X","lid":"117029789024267:21@lid"},"account":{"details":"CMXn/tIFEOiFz7kGGAIgACgA","accountSignatureKey":"gQlp/phOtHC0U7rbh82apT5AZG6bQ1JkpPBJgyiRzSA=","accountSignature":"iwTkmOJKIYYWqWo3XkE9mdDp8bRXqukpjbZ7FgrDrRKYgXRxTYFmzxUNc8Z2HuQ8kdThzVpNpymROL44Li8JCQ==","deviceSignature":"AuFpKp2rMNv/dWfeuVlD1J2zOecccljlGsDh0OM65fUr8LJHuLbLFevzQk7drPyJTDlnhCHrBo/DXqKt6Ad7Ag=="},"signalIdentities":[{"identifier":{"name":"212658323376:21@s.whatsapp.net","deviceId":0},"identifierKey":{"type":"Buffer","data":"BYEJaf6YTrRwtFO624fNmqU+QGRum0NSZKTwSYMokc0g"}}],"platform":"smba","routingInfo":{"type":"Buffer","data":"CAsICQ=="},"lastAccountSyncTimestamp":1731445876,"lastPropHash":"28ZRla","myAppStateKeyId":"AAAAALzc"}